{
  "pipeline.GVCFtyper.call_conf": "30",
  "pipeline.GVCFtyper.genotype_model": "multinomial",
  "pipeline.Haplotyper.emit_mode": "gvcf",
  "pipeline.Haplotyper.ploidy": "2",
  "pipeline.OptiType.enumerate": "1",
  "pipeline.OptiType.is_dna": "true",
  "pipeline.OptiType.is_rna": "false",
  "pipeline.OptiType.outdir": ".",
  "pipeline.VEP.af_1kg": "true",
  "pipeline.VEP.af_esp": "false",
  "pipeline.VEP.af_gnomad": "true",
  "pipeline.VEP.assembly_version": "GRCh37",
  "pipeline.VEP.biotype": "true",
  "pipeline.VEP.cache": "true",
  "pipeline.VEP.canonical": "true",
  "pipeline.VEP.coding_only": "false",
  "pipeline.VEP.compress_output": "bgzip",
  "pipeline.VEP.filter_common": "true",
  "pipeline.VEP.flag_pick": "true",
  "pipeline.VEP.force_overwrite": "true",
  "pipeline.VEP.gene_phenotype": "true",
  "pipeline.VEP.hgvs": "true",
  "pipeline.VEP.mane": "true",
  "pipeline.VEP.max_af": "true",
  "pipeline.VEP.merged": "false",
  "pipeline.VEP.nearest": "transcript",
  "pipeline.VEP.numbers": "true",
  "pipeline.VEP.offline": "true",
  "pipeline.VEP.output_format": "vcf",
  "pipeline.VEP.phased": "true",
  "pipeline.VEP.pick": "false",
  "pipeline.VEP.polyphen": "b",
  "pipeline.VEP.regulatory": "true",
  "pipeline.VEP.sift": "b",
  "pipeline.VEP.species": "homo_sapiens",
  "pipeline.VEP.symbol": "true",
  "pipeline.VEP.transcript_version": "true",
  "pipeline.VEP.tsl": "true",
  "pipeline.VEP.variant_class": "true",
  "pipeline.bwa_idxes": "[]",
  "pipeline.bwa_mem.k": "10000000",
  "pipeline.fastp.adapter_r1": "auto",
  "pipeline.fastp.adapter_r2": "auto",
  "pipeline.fastp.threads": "4",
  "pipeline.getFastqInfo.fastq_dirs": "",
  "pipeline.getFastqInfo.fastq_files": "",
  "pipeline.getFastqInfo.r1_name": "(.*?)_.*R1_001.fastq.gz",
  "pipeline.getFastqInfo.r2_name": "(.*?)_.*R2_001.fastq.gz",
  "pipeline.intervals": "[]",
  "pipeline.known_dbsnp": "[]",
  "pipeline.known_dbsnp_idx": "[]",
  "pipeline.known_indels": "[]",
  "pipeline.known_indels_idx": "[]",
  "pipeline.platform": "ILLUMINA",
  "pipeline.plotGCBias.method": "GCBias",
  "pipeline.plotInsertSize.method": "InsertSizeMetricAlgo",
  "pipeline.plotMeanQualityByCycle.method": "MeanQualityByCycle",
  "pipeline.plotQualDistribution.method": "QualDistribution",
  "pipeline.ref": "",
  "pipeline.ref_idxes": "[]",
  "pipeline.skip_fastp": "false",
  "pipeline.skip_optiType": "true",
  "pipeline.skip_vep": "false",
  "pipeline.thread_number": "15",
  "pipeline.vep_cache": "",
  "pipeline.vep_plugin_names": "[Frameshift, Wildtype]",
  "pipeline.vep_plugins_zip": ""
}