{
  "pipeline.GVCFtyper.docker": "String (optional, default = \"registry-xdp-v3-yifang.xdp.basebit.me/basebitai/sentieon:202010.02\")",
  "pipeline.known_dbsnp": "Array[File]",
  "pipeline.vep_plugin_names": "Array[String] (optional, default = [\"Frameshift\", \"Wildtype\"])",
  "pipeline.VEP.af_1kg": "Boolean (optional, default = true)",
  "pipeline.VEP.assembly_version": "String (optional, default = \"GRCh37\")",
  "pipeline.plotQualDistribution.docker": "String (optional, default = \"docker-reg.basebit.me:5000/pipelines/sentieon-joint-call:2019.11\")",
  "pipeline.plotInsertSize.docker": "String (optional, default = \"docker-reg.basebit.me:5000/pipelines/sentieon-joint-call:2019.11\")",
  "pipeline.recalibration.docker": "String (optional, default = \"docker-reg.basebit.me:5000/pipelines/sentieon-joint-call:2019.11\")",
  "pipeline.VEP.output_format": "String (optional, default = \"vcf\")",
  "pipeline.VEP.sift": "String (optional, default = \"b\")",
  "pipeline.getFastqInfo.fastq_dirs": "Array[Directory]? (optional)",
  "pipeline.Haplotyper.docker": "String (optional, default = \"registry-xdp-v3-yifang.xdp.basebit.me/basebitai/sentieon:202010.02\")",
  "pipeline.VEP.hgvs": "Boolean (optional, default = true)",
  "pipeline.VEP.species": "String (optional, default = \"homo_sapiens\")",
  "pipeline.VEP.symbol": "Boolean (optional, default = true)",
  "pipeline.VEP.nearest": "String (optional, default = \"transcript\")",
  "pipeline.plotQualDistribution.method": "String (optional, default = \"QualDistribution\")",
  "pipeline.VEP.numbers": "Boolean (optional, default = true)",
  "pipeline.plotMeanQualityByCycle.docker": "String (optional, default = \"docker-reg.basebit.me:5000/pipelines/sentieon-joint-call:2019.11\")",
  "pipeline.known_indels_idx": "Array[File]",
  "pipeline.intervals": "Array[File] (optional, default = [])",
  "pipeline.VEP.filter_common": "Boolean (optional, default = true)",
  "pipeline.fastp.adapter_r1": "String? (optional, default = \"auto\")",
  "pipeline.bwa_idxes": "Array[File]",
  "pipeline.VEP.gene_phenotype": "Boolean (optional, default = true)",
  "pipeline.OptiType.is_rna": "Boolean (optional, default = false)",
  "pipeline.fastp.docker": "String (optional, default = \"gudeqing/fastp:0.21.0\")",
  "pipeline.VEP.phased": "Boolean (optional, default = true)",
  "pipeline.VEP.force_overwrite": "Boolean (optional, default = true)",
  "pipeline.DeDup.docker": "String (optional, default = \"docker-reg.basebit.me:5000/pipelines/sentieon-joint-call:2019.11\")",
  "pipeline.getFastqInfo.fastq_files": "Array[File]? (optional)",
  "pipeline.fastp.threads": "Int (optional, default = 4)",
  "pipeline.OptiType.outdir": "String (optional, default = \".\")",
  "pipeline.VEP.polyphen": "String (optional, default = \"b\")",
  "pipeline.fastp.time_minutes": "Int (optional, default = 10080)",
  "pipeline.VEP.af_esp": "Boolean (optional, default = false)",
  "pipeline.Haplotyper.ploidy": "Int (optional, default = 2)",
  "pipeline.getFastqInfo.r1_name": "String (optional, default = \"(.*?)_.*R1_001.fastq.gz\")",
  "pipeline.plotGCBias.docker": "String (optional, default = \"docker-reg.basebit.me:5000/pipelines/sentieon-joint-call:2019.11\")",
  "pipeline.vep_plugins_zip": "File",
  "pipeline.bwa_mem.docker": "String (optional, default = \"docker-reg.basebit.me:5000/pipelines/sentieon-joint-call:2019.11\")",
  "pipeline.VEP.compress_output": "String (optional, default = \"bgzip\")",
  "pipeline.VEP.mane": "Boolean (optional, default = true)",
  "pipeline.fastp.adapter_r2": "String? (optional, default = \"auto\")",
  "pipeline.VEP.docker": "String (optional, default = \"ensemblorg/ensembl-vep:release_104.3\")",
  "pipeline.OptiType.enumerate": "Int (optional, default = 1)",
  "pipeline.LocusCollector.docker": "String (optional, default = \"docker-reg.basebit.me:5000/pipelines/sentieon-joint-call:2019.11\")",
  "pipeline.skip_fastp": "Boolean (optional, default = false)",
  "pipeline.ref": "File",
  "pipeline.VEP.transcript_version": "Boolean (optional, default = true)",
  "pipeline.thread_number": "Int (optional, default = 15)",
  "pipeline.VEP.max_af": "Boolean (optional, default = true)",
  "pipeline.VEP.tsl": "Boolean (optional, default = true)",
  "pipeline.ref_idxes": "Array[File]",
  "pipeline.getFastqInfo.docker": "String (optional, default = \"gudeqing/getfastqinfo:1.0\")",
  "pipeline.plotGCBias.method": "String (optional, default = \"GCBias\")",
  "pipeline.get_metrics.docker": "String (optional, default = \"docker-reg.basebit.me:5000/pipelines/sentieon-joint-call:2019.11\")",
  "pipeline.VEP.af_gnomad": "Boolean (optional, default = true)",
  "pipeline.Haplotyper.emit_mode": "String (optional, default = \"gvcf\")",
  "pipeline.platform": "String (optional, default = \"ILLUMINA\")",
  "pipeline.fastp.other_parameters": "String? (optional, default = \" \")",
  "pipeline.VEP.variant_class": "Boolean (optional, default = true)",
  "pipeline.VEP.regulatory": "Boolean (optional, default = true)",
  "pipeline.skip_optiType": "Boolean (optional, default = true)",
  "pipeline.plotMeanQualityByCycle.method": "String (optional, default = \"MeanQualityByCycle\")",
  "pipeline.VEP.coding_only": "Boolean (optional, default = false)",
  "pipeline.fastp.disks": "String (optional, default = \"5 GiB\")",
  "pipeline.skip_vep": "Boolean (optional, default = false)",
  "pipeline.GVCFtyper.call_conf": "Int (optional, default = 30)",
  "pipeline.GVCFtyper.genotype_model": "String (optional, default = \"multinomial\")",
  "pipeline.fastp.memory": "String (optional, default = \"5 GiB\")",
  "pipeline.OptiType.is_dna": "Boolean (optional, default = true)",
  "pipeline.VEP.offline": "Boolean (optional, default = true)",
  "pipeline.VEP.merged": "Boolean (optional, default = false)",
  "pipeline.getFastqInfo.r2_name": "String (optional, default = \"(.*?)_.*R2_001.fastq.gz\")",
  "pipeline.VEP.biotype": "Boolean (optional, default = true)",
  "pipeline.VEP.flag_pick": "Boolean (optional, default = true)",
  "pipeline.OptiType.docker": "String (optional, default = \"fred2/optitype:1.3.1\")",
  "pipeline.VEP.canonical": "Boolean (optional, default = true)",
  "pipeline.vep_cache": "File",
  "pipeline.known_indels": "Array[File]",
  "pipeline.VEP.pick": "Boolean (optional, default = false)",
  "pipeline.plotInsertSize.method": "String (optional, default = \"InsertSizeMetricAlgo\")",
  "pipeline.VEP.cache": "Boolean (optional, default = true)",
  "pipeline.known_dbsnp_idx": "Array[File]",
  "pipeline.fastp.cpu": "Int (optional, default = 4)",
  "pipeline.CoverageMetrics.docker": "String (optional, default = \"docker-reg.basebit.me:5000/pipelines/sentieon-joint-call:2019.11\")",
  "pipeline.bwa_mem.k": "Int (optional, default = 10000000)"
}

